"Native.ID","Network.ID","Network.Name","Station.ID","Station.Name","History.ID","Province","Longitude","Latitude","Elevation..m.","Record.Start","Record.End","Obs.Freq","Variables","total_precip","avg_precip"
"AKI",5,"BCH",2428,"Akie nr the 760m contour,2428",2831,"BC",-124.8955556,57.18833333,760,"1982-10-16","2024-11-26","Daily","Precipitation Amount|Precipitation Climatology|Temperature (Max.)|Temperature (Min.)|Temperature (Point)|Temperature Climatology (Max.)|Temperature Climatology (Mean)|Temperature Climatology (Min.)",333.2,2.16
"AKN",5,"BCH",2429,"Aiken Lake,2429",2832,"BC",-125.7416667,56.43666667,970,"1960-01-02","2024-11-26","Daily","Precipitation Amount|Precipitation Climatology|Snow Water Equivalent|Surface Snow Depth (Point)|Temperature (Max.)|Temperature (Min.)|Temperature (Point)|Temperature Climatology (Max.)|Temperature Climatology (Mean)|Temperature Climatology (Min.)",247.2,1.61
"ALU",5,"BCH",2430,"Alouette Lake forebay,2430",2833,"BC",-122.4862139,49.28744167,125,"1960-01-02","2024-11-26","Daily","Precipitation Amount|Temperature (Max.)|Temperature (Min.)|Temperature (Point)|Temperature Climatology (Max.)|Temperature Climatology (Mean)|Temperature Climatology (Min.)",661.4,4.29
"ASH",5,"BCH",2431,"Elsie Lk forebay,2431",2834,"BC",-125.1438333,49.44055556,340,"1980-10-22","2024-11-26","Daily","Precipitation Amount|Precipitation Climatology|Temperature (Max.)|Temperature (Min.)|Temperature (Point)|Temperature Climatology (Max.)|Temperature Climatology (Mean)|Temperature Climatology (Min.)",303,2.46
"BAR",5,"BCH",2432,"Barnes Ck,2432",2835,"BC",-118.3492167,50.06601667,1620,"1960-01-02","2024-11-26","Daily","Precipitation Amount|Precipitation Climatology|Snow Water Equivalent|Temperature (Max.)|Temperature (Min.)|Temperature (Point)|Temperature Climatology (Max.)|Temperature Climatology (Mean)|Temperature Climatology (Min.)",559.5,3.04
"BCK",5,"BCH",2433,"Bear Ck Res.,2433",2836,"BC",-123.9138889,48.50333333,419,"1980-10-22","2024-11-26","Daily","Precipitation Amount|Precipitation Climatology|Temperature (Max.)|Temperature (Min.)|Temperature (Point)|Temperature Climatology (Max.)|Temperature Climatology (Mean)|Temperature Climatology (Min.)",297,2.41
"BLN",5,"BCH",2435,"Bralorne Upper,2435",2838,"BC",-122.74525,50.79927778,1920,"1984-01-02","2024-09-13","Daily","Precipitation Amount|Precipitation Climatology|Temperature (Max.)|Temperature (Min.)|Temperature (Point)|Temperature Climatology (Max.)|Temperature Climatology (Mean)|Temperature Climatology (Min.)",419.9,2.73
"BMN",5,"BCH",2436,"Brenda Mines,2436",2839,"BC",-119.9888889,49.86805556,1460,"1993-01-27","2024-11-26","Daily","Precipitation Amount|Precipitation Climatology|Snow Water Equivalent|Surface Snow Depth (Point)|Temperature (Max.)|Temperature (Min.)|Temperature (Point)|Temperature Climatology (Max.)|Temperature Climatology (Mean)|Temperature Climatology (Min.)",178.2,1.45
"BRI",5,"BCH",2437,"Bridge R. blw Glacier,2437",2840,"BC",-123.4502778,50.85611111,1350,"1982-01-02","2024-10-02","Daily","Precipitation Amount|Precipitation Climatology|Temperature (Max.)|Temperature (Min.)|Temperature (Point)|Temperature Climatology (Max.)|Temperature Climatology (Mean)|Temperature Climatology (Min.)",275.2,1.79
"BUL",5,"BCH",2438,"Bull R. @ Wardner,2438",2841,"BC",-115.3638889,49.49305556,800,"1982-09-05","2024-11-26","Daily","Precipitation Amount|Precipitation Climatology|Temperature (Max.)|Temperature (Min.)|Temperature (Point)|Temperature Climatology (Max.)|Temperature Climatology (Mean)|Temperature Climatology (Min.)",157.3,1.28
"BVR",5,"BCH",2439,"Beaver R. nr the Mouth,2439",2842,"BC",-117.4616667,51.50972222,780,"1985-01-02","2021-12-14","Daily","Precipitation Amount|Precipitation Climatology|Temperature (Max.)|Temperature (Min.)|Temperature (Point)|Temperature Climatology (Max.)|Temperature Climatology (Mean)|Temperature Climatology (Min.)",343.8,1.89
"CHK",5,"BCH",2440,"Cheakamus R. ab Millar Ck,2440",2843,"BC",-123.0338889,50.07972222,640,"1960-01-02","2024-10-02","Daily","Precipitation Amount|Precipitation Climatology|Temperature (Max.)|Temperature (Min.)|Temperature (Point)|Temperature Climatology (Max.)|Temperature Climatology (Mean)|Temperature Climatology (Min.)",287,2.33
"CHW",5,"BCH",2441,"Chowade Upper,2441",2844,"BC",-122.7788667,56.63683333,1480,"1980-09-15","2024-11-26","Daily","Precipitation Amount|Precipitation Climatology|Snow Water Equivalent|Surface Snow Depth (Point)|Temperature (Max.)|Temperature (Min.)|Temperature (Point)|Temperature Climatology (Max.)|Temperature Climatology (Mean)|Temperature Climatology (Min.)",597.4,3.88
"CLO",5,"BCH",2442,"Clowhom Falls,2442",2845,"BC",-123.5222222,49.70833333,10,"1960-01-02","2024-11-26","Daily","Precipitation Amount|Precipitation Climatology|Temperature (Max.)|Temperature (Min.)|Temperature (Point)|Temperature Climatology (Max.)|Temperature Climatology (Mean)|Temperature Climatology (Min.)",446,3.63
"CLW",5,"BCH",2443,"Clowhom R. nr Clowhom Lake,2443",2846,"BC",-123.4202778,49.78777778,125,"1993-01-02","2024-10-02","Daily","Precipitation Amount|Precipitation Climatology|Temperature (Max.)|Temperature (Min.)|Temperature (Point)|Temperature Climatology (Max.)|Temperature Climatology (Mean)|Temperature Climatology (Min.)",484.9,3.94
"CMU",5,"BCH",2445,"Upper Cheakamus,2445",2848,"BC",-123.1333333,50.12222222,880,"1960-01-02","2024-11-26","Daily","Precipitation Amount|Precipitation Climatology|Temperature (Max.)|Temperature (Min.)|Temperature (Point)|Temperature Climatology (Max.)|Temperature Climatology (Mean)|Temperature Climatology (Min.)",541.6,3.52
"CMX",5,"BCH",2446,"Comox Dam forebay,2446",2849,"BC",-125.0944444,49.64305556,135,"1980-10-22","2024-11-26","Daily","Precipitation Amount|Precipitation Climatology|Temperature (Max.)|Temperature (Min.)|Temperature (Point)|Temperature Climatology (Max.)|Temperature Climatology (Mean)|Temperature Climatology (Min.)",183.7,1.49
"COQ",5,"BCH",2447,"Coquitlam Lake forebay,2447",2850,"BC",-122.779625,49.35558611,160,"1960-01-02","2024-09-29","Daily","Precipitation Amount|Temperature (Max.)|Temperature (Min.)|Temperature (Point)|Temperature Climatology (Max.)|Temperature Climatology (Mean)|Temperature Climatology (Min.)",592,4.81
"COX",5,"BCH",2448,"Comox Lake @ Courtenay,2448",2851,"BC",-125.08,49.64,140,"1993-03-30","2021-12-14","Daily","Precipitation Amount|Precipitation Climatology|Temperature (Max.)|Temperature (Min.)|Temperature (Point)|Temperature Climatology (Max.)|Temperature Climatology (Mean)|Temperature Climatology (Min.)",173.9,1.41
"CQM",5,"BCH",2449,"Coquitlam R. ab Lake,2449",2852,"BC",-122.7924861,49.48829444,290,"1960-01-02","2024-09-29","Daily","Precipitation Amount|Precipitation Climatology|Temperature (Max.)|Temperature (Min.)|Temperature (Point)|Temperature Climatology (Max.)|Temperature Climatology (Mean)|Temperature Climatology (Min.)",613.9,4.99
"CRU",5,"BCH",2450,"Cruickshank R. nr the Mouth,2450",2853,"BC",-125.2008333,49.57916667,150,"1980-10-22","2024-09-28","Daily","Precipitation Amount|Precipitation Climatology|Temperature (Max.)|Temperature (Min.)|Temperature (Point)|Temperature Climatology (Max.)|Temperature Climatology (Mean)|Temperature Climatology (Min.)",294,2.39
"DBC",5,"BCH",2452,"Duncan R. blw BB Ck,2452",2855,"BC",-117.0489361,50.63838333,590,"1960-01-02","2024-09-30","Daily","Precipitation Amount|Precipitation Climatology|Temperature (Max.)|Temperature (Min.)|Temperature (Point)|Temperature Climatology (Max.)|Temperature Climatology (Mean)|Temperature Climatology (Min.)",388.6,2.52
"DCN",5,"BCH",2453,"Duncan Res. @ Duncan Dam,2453",2856,"BC",-116.9483333,50.255,580,"1984-08-24","2024-09-22","Daily","Precipitation Amount|Precipitation Climatology|Temperature (Max.)|Temperature (Min.)|Temperature (Point)|Temperature Climatology (Max.)|Temperature Climatology (Mean)|Temperature Climatology (Min.)",336,1.83
"EAC",5,"BCH",2454,"East Ck - snowpillow,2454",2857,"BC",-116.9297333,50.6396,2030,"1960-01-02","2024-11-26","Daily","Precipitation Amount|Precipitation Climatology|Snow Water Equivalent|Temperature (Max.)|Temperature (Min.)|Temperature (Point)|Temperature Climatology (Max.)|Temperature Climatology (Mean)|Temperature Climatology (Min.)",771.4,4.19
"ERC",5,"BCH",2457,"Eric Ck,2457",2860,"BC",-125.2881667,49.60536111,280,"1980-10-22","2024-10-23","Daily","Precipitation Amount|Precipitation Climatology|Temperature (Max.)|Temperature (Min.)|Temperature (Point)|Temperature Climatology (Max.)|Temperature Climatology (Mean)|Temperature Climatology (Min.)",283.7,2.31
"FDL",5,"BCH",2458,"Fidelty Mtn.,2458",2861,"BC",-117.7006167,51.23741667,1800,"1982-11-05","2023-10-17","Daily","Precipitation Amount|Precipitation Climatology|Snow Water Equivalent|Temperature (Max.)|Temperature (Min.)|Temperature (Point)|Temperature Climatology (Max.)|Temperature Climatology (Mean)|Temperature Climatology (Min.)",935.9,5.09
"FIN",5,"BCH",2459,"Finlay R. ab Akie R.,2459",2862,"BC",-125.2491667,57.125,711,"1960-01-02","2024-11-26","Daily","Precipitation Amount|Precipitation Climatology|Temperature (Max.)|Temperature (Min.)|Temperature (Point)|Temperature Climatology (Max.)|Temperature Climatology (Mean)|Temperature Climatology (Min.)",318,2.06
"FLK",5,"BCH",2460,"Floe Lk,2460",2863,"BC",-116.1371167,51.05991667,2090,"1993-01-02","2024-11-26","Daily","Precipitation Amount|Precipitation Climatology|Snow Water Equivalent|Surface Snow Depth (Point)|Temperature (Max.)|Temperature (Min.)|Temperature (Point)|Temperature Climatology (Max.)|Temperature Climatology (Mean)|Temperature Climatology (Min.)",574.5,4.67
"FST",5,"BCH",2461,"Kootenay R. @ Fort Steele,2461",2864,"BC",-115.6346111,49.61122778,770,"1982-11-03","2023-10-17","Daily","Precipitation Amount|Precipitation Climatology|Temperature (Max.)|Temperature (Min.)|Temperature (Point)|Temperature Climatology (Max.)|Temperature Climatology (Mean)|Temperature Climatology (Min.)",160.8,1.04
"GLD",5,"BCH",2462,"Gold R. nr Ucona R.,2462",2865,"BC",-126.1061111,49.70583333,10,"1993-01-02","2024-09-26","Daily","Precipitation Amount|Precipitation Climatology|Temperature (Max.)|Temperature (Min.)|Temperature (Point)|Temperature Climatology (Max.)|Temperature Climatology (Mean)|Temperature Climatology (Min.)",467,3.8
"GOC",5,"BCH",2463,"Gold Ck,2463",2866,"BC",-122.4773611,49.44655556,794,"1960-01-02","2024-11-26","Daily","Precipitation Amount|Precipitation Climatology|Temperature (Max.)|Temperature (Min.)|Temperature (Point)|Temperature Climatology (Max.)|Temperature Climatology (Mean)|Temperature Climatology (Min.)",1005.9,6.53
"GOL",5,"BCH",2464,"Goldstream R. blw Old Camp Ck,2464",2867,"BC",-118.5969944,51.66843056,600,"1960-01-02","2024-10-01","Daily","Precipitation Amount|Precipitation Climatology|Temperature (Max.)|Temperature (Min.)|Temperature (Point)|Temperature Climatology (Max.)|Temperature Climatology (Mean)|Temperature Climatology (Min.)",321,2.61
"GRN",5,"BCH",2465,"Green Mtn.,2465",2868,"BC",-122.9246111,50.79558333,1780,"1984-10-02","2024-11-26","Daily","Precipitation Amount|Precipitation Climatology|Snow Water Equivalent|Temperature (Max.)|Temperature (Min.)|Temperature (Point)|Temperature Climatology (Max.)|Temperature Climatology (Mean)|Temperature Climatology (Min.)",420,2.73
"GRP",5,"BCH",2466,"Glacier nr Roger's Pass,2466",2869,"BC",-117.5086111,51.26972222,1182,"1982-11-03","2024-11-26","Daily","Precipitation Amount|Precipitation Climatology|Snow Water Equivalent|Surface Snow Depth (Point)|Temperature (Max.)|Temperature (Min.)|Temperature (Point)|Temperature Climatology (Max.)|Temperature Climatology (Mean)|Temperature Climatology (Min.)",666.8,3.62
"GRT",5,"BCH",2467,"Kinbasket Lake blw Garrett,2467",2870,"BC",-117.8783056,51.87705556,770,"1985-01-02","2024-09-22","Daily","Precipitation Amount|Precipitation Climatology|Temperature (Max.)|Temperature (Min.)|Temperature (Point)|Temperature Climatology (Max.)|Temperature Climatology (Mean)|Temperature Climatology (Min.)",307.8,2
"HEB",5,"BCH",2468,"Heber R. nr Gold R.,2468",2871,"BC",-125.9863889,49.81527778,215,"1993-01-02","2021-10-31","Daily","Precipitation Amount|Precipitation Climatology|Temperature (Max.)|Temperature (Min.)|Temperature Climatology (Max.)|Temperature Climatology (Mean)|Temperature Climatology (Min.)",434.8,3.53
"HFF",5,"BCH",2469,"Halfway R. @ Farrell Ck,2469",2872,"BC",-121.6294444,56.25085,480,"1981-05-09","2024-11-26","Daily","Precipitation Amount|Precipitation Climatology|Temperature (Max.)|Temperature (Min.)|Temperature (Point)|Temperature Climatology (Max.)|Temperature Climatology (Mean)|Temperature Climatology (Min.)",239.1,1.94
"HRN",5,"BCH",2470,"Horn Ck,2470",2873,"BC",-123.606,56.73476667,1450,"1981-01-02","2024-11-26","Daily","Precipitation Amount|Precipitation Climatology|Snow Water Equivalent|Surface Snow Depth (Point)|Temperature (Max.)|Temperature (Min.)|Temperature (Point)|Temperature Climatology (Max.)|Temperature Climatology (Mean)|Temperature Climatology (Min.)",438,2.84
"HUR",5,"BCH",2471,"Hurley R. ab Lone Goat Ck,2471",2874,"BC",-122.9421556,50.73048889,990,"1984-10-02","2024-06-30","Daily","Precipitation Amount|Precipitation Climatology|Temperature (Max.)|Temperature (Min.)|Temperature (Point)|Temperature Climatology (Max.)|Temperature Climatology (Mean)|Temperature Climatology (Min.)",382.1,2.48
"ILL",5,"BCH",2472,"Illecilliwaet R. @ Greeley,2472",2875,"BC",-118.0827333,51.01333056,500,"1984-10-02","2024-09-22","Daily","Precipitation Amount|Precipitation Climatology|Temperature (Max.)|Temperature (Min.)|Temperature (Point)|Temperature Climatology (Max.)|Temperature Climatology (Mean)|Temperature Climatology (Min.)",424.1,2.3
"ING",5,"BCH",2473,"Ingenika R. ab Swannell R.,2473",2876,"BC",-125.1030556,56.73055556,711,"1960-01-02","2024-11-26","Daily","Precipitation Amount|Precipitation Climatology|Temperature (Max.)|Temperature (Min.)|Temperature (Point)|Temperature Climatology (Max.)|Temperature Climatology (Mean)|Temperature Climatology (Min.)",249.8,1.63
"JHT",5,"BCH",2474,"John Hart sub-station,2474",2877,"BC",-125.3086111,50.04333333,15,"1993-06-29","2024-11-26","Daily","Precipitation Amount|Precipitation Climatology|Temperature (Max.)|Temperature (Min.)|Temperature (Point)|Temperature Climatology (Max.)|Temperature Climatology (Mean)|Temperature Climatology (Min.)",258.5,2.1
"KWA",5,"BCH",2475,"Kwadacha North - snowpillow,2475",2878,"BC",-125.0731667,57.62333333,1554,"1980-09-16","2024-11-26","Daily","Precipitation Amount|Precipitation Climatology|Snow Water Equivalent|Surface Snow Depth (Point)|Temperature (Max.)|Temperature (Min.)|Temperature (Point)|Temperature Climatology (Max.)|Temperature Climatology (Mean)|Temperature Climatology (Min.)",474.4,3.08
"MCQ",5,"BCH",2478,"McQue Terrace,2478",2881,"BC",-123.4041667,56.9815,1200,"1980-09-14","2024-11-26","Daily","Precipitation Amount|Precipitation Climatology|Snow Water Equivalent|Surface Snow Depth (Point)|Temperature (Max.)|Temperature (Min.)|Temperature (Point)|Temperature Climatology (Max.)|Temperature Climatology (Mean)|Temperature Climatology (Min.)",379.3,2.46
"MIS",5,"BCH",2479,"Mission Ridge,2479",2882,"BC",-122.2076944,50.76255556,1850,"1984-09-08","2024-11-26","Daily","Precipitation Amount|Precipitation Climatology|Snow Water Equivalent|Surface Snow Depth (Point)|Temperature (Max.)|Temperature (Min.)|Temperature (Point)|Temperature Climatology (Max.)|Temperature Climatology (Mean)|Temperature Climatology (Min.)",331,2.15
"MOB",5,"BCH",2480,"Moberly R. @ Ft. St. John,2480",2883,"BC",-121.3469444,56.09305556,600,"1982-05-26","2024-11-26","Daily","Precipitation Amount|Precipitation Climatology|Temperature (Max.)|Temperature (Min.)|Temperature (Point)|Temperature Climatology (Max.)|Temperature Climatology (Mean)|Temperature Climatology (Min.)",305.2,1.98
"MOL",5,"BCH",2481,"Molson Ck,2481",2884,"BC",-118.22575,52.22165,1935,"1984-09-13","2024-11-26","Daily","Precipitation Amount|Precipitation Climatology|Snow Water Equivalent|Surface Snow Depth (Point)|Temperature (Max.)|Temperature (Min.)|Temperature (Point)|Temperature Climatology (Max.)|Temperature Climatology (Mean)|Temperature Climatology (Min.)",669.2,4.35
"MOR",5,"BCH",2482,"Morrissey Ridge,2482",2885,"BC",-114.975,49.44722222,1860,"1983-10-07","2024-11-26","Daily","Precipitation Amount|Precipitation Climatology|Snow Water Equivalent|Temperature (Max.)|Temperature (Min.)|Temperature (Point)|Temperature Climatology (Max.)|Temperature Climatology (Mean)|Temperature Climatology (Min.)",430.5,2.8
"MTR",5,"BCH",2483,"Mt. Revelstoke,2483",2886,"BC",-118.1502778,51.03916667,1850,"1993-01-02","2024-11-26","Daily","Precipitation Amount|Precipitation Climatology|Snow Water Equivalent|Surface Snow Depth (Point)|Temperature (Max.)|Temperature (Min.)|Temperature (Point)|Temperature Climatology (Max.)|Temperature Climatology (Mean)|Temperature Climatology (Min.)",656.9,4.27
"NTY",5,"BCH",2485,"North Tyaughton Ck,2485",2888,"BC",-122.7939167,51.14752778,1969,"1984-10-02","2024-10-31","Daily","Precipitation Amount|Precipitation Climatology|Snow Water Equivalent|Temperature (Max.)|Temperature (Min.)|Temperature (Point)|Temperature Climatology (Max.)|Temperature Climatology (Mean)|Temperature Climatology (Min.)",341.6,2.22
"PAK",5,"BCH",2489,"Pack R. @ outlet of Mcleod Lk,2489",2892,"BC",-123.0366083,54.99784444,675,"1960-01-02","2024-11-26","Daily","Precipitation Amount|Precipitation Climatology|Temperature (Max.)|Temperature (Min.)|Temperature (Point)|Temperature Climatology (Max.)|Temperature Climatology (Mean)|Temperature Climatology (Min.)",288.8,1.88
"PMD",5,"BCH",2492,"GMS Hudson's Hope,2492",2895,"BC",-122.1835,56.0125,720,"1985-08-27","2024-10-02","Daily","Precipitation Amount|Precipitation Climatology|Temperature (Max.)|Temperature (Min.)|Temperature (Point)|Temperature Climatology (Max.)|Temperature Climatology (Mean)|Temperature Climatology (Min.)",272.3,2.21
"PNK",5,"BCH",2493,"Pink Mtn.,2493",2896,"BC",-122.3535,57.00196667,1204,"1980-09-13","2024-11-26","Daily","Precipitation Amount|Precipitation Climatology|Temperature (Max.)|Temperature (Min.)|Temperature (Point)|Temperature Climatology (Max.)|Temperature Climatology (Mean)|Temperature Climatology (Min.)",353.4,2.87
"PRS",5,"BCH",2494,"Parsnip R. ab Misinchinka R.,2494",2897,"BC",-122.9,55.08,700,"1983-09-16","2024-11-26","Daily","Precipitation Amount|Precipitation Climatology|Temperature (Max.)|Temperature (Min.)|Temperature (Point)|Temperature Climatology (Max.)|Temperature Climatology (Mean)|Temperature Climatology (Min.)",366.4,2.38
"PUL",5,"BCH",2495,"Pulpit Lk,2495",2898,"BC",-126.7487833,57.54828333,1311,"1989-08-27","2024-11-26","Daily","Precipitation Amount|Precipitation Climatology|Snow Water Equivalent|Surface Snow Depth (Point)|Temperature (Max.)|Temperature (Min.)|Temperature (Point)|Temperature Climatology (Max.)|Temperature Climatology (Mean)|Temperature Climatology (Min.)",481.4,3.13
"PYN",5,"BCH",2496,"Pine Pass,2496",2899,"BC",-122.6373333,55.353,1400,"1988-10-27","2024-11-26","Daily","Precipitation Amount|Precipitation Climatology|Snow Water Equivalent|Surface Snow Depth (Point)|Temperature (Max.)|Temperature (Min.)|Temperature (Point)|Temperature Climatology (Max.)|Temperature Climatology (Mean)|Temperature Climatology (Min.)",654.8,4.25
"QBY",5,"BCH",2497,"Queen's Bay -  elevation,2497",2900,"BC",-116.9297222,49.65444444,545,"1987-05-30","2024-09-15","Daily","Precipitation Amount|Precipitation Climatology|Temperature (Max.)|Temperature (Min.)|Temperature (Point)|Temperature Climatology (Max.)|Temperature Climatology (Mean)|Temperature Climatology (Min.)",261.5,1.42
"SGL",5,"BCH",2502,"Sugar Lake Res. @ Outlet,2502",2905,"BC",-118.53,50.35,675,"1999-01-03","2024-09-13","Daily","Precipitation Amount|Precipitation Climatology|Temperature (Max.)|Temperature (Min.)|Temperature (Point)|Temperature Climatology (Max.)|Temperature Climatology (Mean)|Temperature Climatology (Min.)",231,1.88
"SLK",5,"BCH",2503,"St. Leon Ck,2503",2906,"BC",-117.7012,50.43416667,1800,"1993-01-02","2024-11-26","Daily","Precipitation Amount|Precipitation Climatology|Snow Water Equivalent|Temperature (Max.)|Temperature (Min.)|Temperature (Point)|Temperature Climatology (Max.)|Temperature Climatology (Mean)|Temperature Climatology (Min.)",692.8,4.5
"STA",5,"BCH",2505,"Stave R. ab Stave Lk,2505",2908,"BC",-122.3219444,49.55611111,330,"1960-01-02","2024-09-20","Daily","Precipitation Amount|Precipitation Climatology|Temperature (Max.)|Temperature (Min.)|Temperature (Point)|Temperature Climatology (Max.)|Temperature Climatology (Mean)|Temperature Climatology (Min.)",774.2,5.03
"STV",5,"BCH",2506,"Stave R. Upper,2506",2909,"BC",-122.4020556,49.62366667,930,"1960-01-02","2024-11-26","Daily","Precipitation Amount|Precipitation Climatology|Temperature (Max.)|Temperature (Min.)|Temperature (Point)|Temperature Climatology (Max.)|Temperature Climatology (Mean)|Temperature Climatology (Min.)",788,5.12
"1011500",1,"EC",317,"CHEMAINUS,317",720,"BC",-123.7407,48.93418,75,"1919-01-01","2022-03-04","Daily","Precipitation Amount|Precipitation Climatology|Rainfall Amount|Snowfall Amount|Surface Snow Depth (Point)|Temperature (Max.)|Temperature (Min.)|Temperature Climatology (Max.)|Temperature Climatology (Mean)|Temperature Climatology (Min.)",212.4,1.21
"1012055",1,"EC",341,"LAKE COWICHAN,341",744,"BC",-124.0522,48.82944,171,"1960-07-15","2022-01-30","Daily","Precipitation Amount|Precipitation Climatology|Rainfall Amount|Snowfall Amount|Surface Snow Depth (Point)|Temperature (Max.)|Temperature (Min.)|Temperature Climatology (Max.)|Temperature Climatology (Mean)|Temperature Climatology (Min.)",431.8,8
"10130MN",1,"EC",384,"GALIANO NORTH,384",787,"BC",-123.5736,48.98528,6,"1975-01-13","2021-03-23","Daily","Precipitation Amount|Precipitation Climatology|Rainfall Amount|Snowfall Amount|Surface Snow Depth (Point)|Temperature (Max.)|Temperature (Min.)|Temperature Climatology (Max.)|Temperature Climatology (Mean)|Temperature Climatology (Min.)",239.1,1.93
"1015105",1,"EC",390,"METCHOSIN,390",793,"BC",-123.5608,48.37444,140,"1911-11-01","2022-03-02","Daily","Precipitation Amount|Precipitation Climatology|Rainfall Amount|Snowfall Amount|Surface Snow Depth (Point)|Temperature (Max.)|Temperature (Min.)",193.6,2.1
"1015628",1,"EC",25,"NORTH COWICHAN,25",428,"BC",-123.7197,48.82472,45.7,"1981-03-01","2022-03-01","Daily","Precipitation Amount|Precipitation Climatology|Rainfall Amount|Snowfall Amount|Surface Snow Depth (Point)",284.4,1.55
"1015638",1,"EC",392,"NORTH PENDER ISLAND,392",795,"BC",-123.3167,48.8125,15,"1972-02-14","2022-03-04","Daily","Precipitation Amount|Precipitation Climatology|Rainfall Amount|Snowfall Amount|Surface Snow Depth (Point)|Temperature (Max.)|Temperature (Min.)|Temperature Climatology (Max.)|Temperature Climatology (Mean)|Temperature Climatology (Min.)",236.8,1.62
"1016995",1,"EC",401,"SALTSPRING ST MARY'S L,401",804,"BC",-123.5464,48.88806,45.7,"1975-12-01","2021-11-09","Daily","Precipitation Amount|Precipitation Climatology|Rainfall Amount|Snowfall Amount|Surface Snow Depth (Point)|Temperature (Max.)|Temperature (Min.)|Temperature Climatology (Max.)|Temperature Climatology (Mean)|Temperature Climatology (Min.)",250.8,1.41
"1016RM0",1,"EC",28,"SAANICHTON MT NEWTON,28",431,"BC",-123.4272,48.5975,42.7,"1980-08-01","2022-03-03","Daily","Precipitation Amount|Precipitation Climatology|Rainfall Amount|Snowfall Amount|Surface Snow Depth (Point)",183.6,8.35
"1017230",1,"EC",409,"SHAWNIGAN LAKE,409",812,"BC",-123.6267,48.64722,138,"1911-05-01","2022-03-05","Daily","Precipitation Amount|Precipitation Climatology|Rainfall Amount|Snowfall Amount|Surface Snow Depth (Point)|Temperature (Max.)|Temperature (Min.)|Temperature Climatology (Max.)|Temperature Climatology (Mean)|Temperature Climatology (Min.)",245.2,1.71
"1021261",1,"EC",437,"CAMPBELL RIVER A,437",840,"BC",-125.2708,49.95084,105.5,"1965-01-01","2022-03-04","Daily","Precipitation Amount|Precipitation Climatology|Rainfall Amount|Snowfall Amount|Surface Snow Depth (Point)|Temperature (Max.)|Temperature (Min.)|Temperature Climatology (Max.)|Temperature Climatology (Mean)|Temperature Climatology (Min.)",340.1,1.89
"1021330",1,"EC",2989,"CAPE MUDGE,2989",3701,"BC",-125.195,49.99833,4.6,"1978-09-01","2021-03-30","Daily","Precipitation Amount|Precipitation Climatology|Rainfall Amount|Snowfall Amount|Surface Snow Depth (Point)|Temperature (Max.)|Temperature (Min.)|Temperature Climatology (Max.)|Temperature Climatology (Mean)|Temperature Climatology (Min.)",393,2.14
"1021989",1,"EC",450,"COURTENAY PUNTLEDGE,450",853,"BC",-125.0325,49.68639,40,"1984-12-01","2022-02-26","Daily","Precipitation Amount|Precipitation Climatology|Rainfall Amount|Snowfall Amount|Surface Snow Depth (Point)|Temperature (Max.)|Temperature (Min.)|Temperature Climatology (Max.)|Temperature Climatology (Mean)|Temperature Climatology (Min.)",291.8,1.96
"1023462",1,"EC",457,"HERIOT BAY SE,457",860,"BC",-125.2031,50.09917,17,"1984-04-18","2022-02-28","Daily","Precipitation Amount|Precipitation Climatology|Rainfall Amount|Snowfall Amount|Surface Snow Depth (Point)|Temperature (Max.)|Temperature (Min.)|Temperature Climatology (Max.)|Temperature Climatology (Mean)|Temperature Climatology (Min.)",567,3.2
"1024638",1,"EC",461,"LITTLE QUALICUM HATCHERY,461",864,"BC",-124.5122,49.35278,30,"1981-01-20","2022-03-01","Daily","Precipitation Amount|Precipitation Climatology|Rainfall Amount|Snowfall Amount|Surface Snow Depth (Point)|Temperature (Max.)|Temperature (Min.)|Temperature Climatology (Max.)|Temperature Climatology (Mean)|Temperature Climatology (Min.)",242.9,1.88
"10253G0",1,"EC",56,"NANAIMO CITY YARD,56",459,"BC",-123.9878,49.19889,114,"1981-08-01","2022-03-03","Daily","Precipitation Amount|Precipitation Climatology|Rainfall Amount|Snowfall Amount|Surface Snow Depth (Point)",306.9,1.69
"1026565",1,"EC",482,"QUALICUM R FISH RESEARCH,482",885,"BC",-124.6172,49.39361,7.6,"1962-08-01","2021-05-11","Daily","Precipitation Amount|Precipitation Climatology|Rainfall Amount|Snowfall Amount|Surface Snow Depth (Point)|Temperature (Max.)|Temperature (Min.)|Temperature Climatology (Max.)|Temperature Climatology (Mean)|Temperature Climatology (Min.)",79,1.22
"1026639",1,"EC",483,"QUINSAM RIVER HATCHERY,483",886,"BC",-125.3039,50.01611,45.7,"1975-09-01","2022-02-27","Daily","Precipitation Amount|Precipitation Climatology|Rainfall Amount|Snowfall Amount|Surface Snow Depth (Point)|Temperature (Max.)|Temperature (Min.)|Temperature Climatology (Max.)|Temperature Climatology (Mean)|Temperature Climatology (Min.)",96.5,1.1
"102BFHH",1,"EC",3000,"ENTRANCE ISLAND,3000",3721,"BC",-123.8089,49.20891,5,"1987-05-01","2022-03-04","Daily","Precipitation Amount|Precipitation Climatology|Rainfall Amount|Snowfall Amount|Surface Snow Depth (Point)|Temperature (Max.)|Temperature (Min.)|Temperature Climatology (Max.)|Temperature Climatology (Mean)|Temperature Climatology (Min.)",254.5,1.51
"1030230",1,"EC",497,"ALBERNI ROBERTSON CREEK,497",900,"BC",-124.9822,49.33722,73.75,"1961-02-01","2022-02-07","Daily","Precipitation Amount|Precipitation Climatology|Rainfall Amount|Snowfall Amount|Surface Snow Depth (Point)|Temperature (Max.)|Temperature (Min.)|Temperature Climatology (Max.)|Temperature Climatology (Mean)|Temperature Climatology (Min.)",2.2,0.28
"1031316",1,"EC",3002,"CAPE BEALE LIGHT,3002",3704,"BC",-125.2161,48.78611,25.9,"1984-10-01","2022-03-04","Daily","Precipitation Amount|Precipitation Climatology|Rainfall Amount|Snowfall Amount|Surface Snow Depth (Point)|Temperature (Max.)|Temperature (Min.)|Temperature Climatology (Max.)|Temperature Climatology (Mean)|Temperature Climatology (Min.)",851.1,4.73
"1032730",1,"EC",3005,"ESTEVAN POINT,3005",3705,"BC",-126.5508,49.3835,7,"1908-07-13","2022-03-04","Daily","Precipitation Amount|Precipitation Climatology|Rainfall Amount|Snowfall Amount|Surface Snow Depth (Point)|Temperature (Max.)|Temperature (Min.)|Temperature Climatology (Max.)|Temperature Climatology (Mean)|Temperature Climatology (Min.)",825.5,4.66
"1034600",1,"EC",3012,"LENNARD ISLAND,3012",3706,"BC",-125.9233,49.11056,10.6,"1980-05-01","2022-03-03","Daily","Precipitation Amount|Precipitation Climatology|Rainfall Amount|Snowfall Amount|Surface Snow Depth (Point)|Temperature (Max.)|Temperature (Min.)",774,4.37
"1035612",1,"EC",514,"NITINAT RIVER HATCHERY,514",917,"BC",-124.6553,48.85944,14.9,"1981-05-01","2022-02-18","Daily","Precipitation Amount|Precipitation Climatology|Rainfall Amount|Snowfall Amount|Surface Snow Depth (Point)|Temperature (Max.)|Temperature (Min.)|Temperature Climatology (Max.)|Temperature Climatology (Mean)|Temperature Climatology (Min.)",820.8,4.64
"1035614",1,"EC",3014,"NOOTKA LIGHTSTATION,3014",3707,"BC",-126.6167,49.6,15.8,"1978-11-01","2022-03-03","Daily","Precipitation Amount|Precipitation Climatology|Rainfall Amount|Snowfall Amount|Surface Snow Depth (Point)|Temperature (Max.)|Temperature (Min.)|Temperature Climatology (Max.)|Temperature Climatology (Mean)|Temperature Climatology (Min.)",867.9,4.72
"1035940",1,"EC",3015,"PACHENA POINT,3015",3708,"BC",-125.0972,48.72278,37,"1924-11-01","2022-03-02","Daily","Precipitation Amount|Precipitation Climatology|Rainfall Amount|Snowfall Amount|Surface Snow Depth (Point)|Temperature (Max.)|Temperature (Min.)|Temperature Climatology (Max.)|Temperature Climatology (Mean)|Temperature Climatology (Min.)",856.2,4.92
"1036208",1,"EC",516,"PORT ALBERNI COX LAKE,516",919,"BC",-124.7517,49.20167,163,"1987-03-03","2020-07-19","Daily","Precipitation Amount|Precipitation Climatology|Rainfall Amount|Snowfall Amount|Surface Snow Depth (Point)|Temperature (Max.)|Temperature (Min.)|Temperature Climatology (Max.)|Temperature Climatology (Mean)|Temperature Climatology (Min.)",76.4,9.55
"1036570",1,"EC",520,"QUATSINO,520",923,"BC",-127.6536,50.53333,2.5,"1895-06-22","2022-02-27","Daily","Precipitation Amount|Precipitation Climatology|Rainfall Amount|Snowfall Amount|Surface Snow Depth (Point)|Temperature (Max.)|Temperature (Min.)|Temperature Climatology (Max.)|Temperature Climatology (Mean)|Temperature Climatology (Min.)",489.6,4.49
"1036572",1,"EC",3017,"QUATSINO LIGHTSTATION,3017",3709,"BC",-128.0325,50.44112,21,"1978-11-01","2022-03-04","Daily","Precipitation Amount|Precipitation Climatology|Rainfall Amount|Snowfall Amount|Surface Snow Depth (Point)|Temperature (Max.)|Temperature (Min.)|Temperature Climatology (Max.)|Temperature Climatology (Mean)|Temperature Climatology (Min.)",509.8,3.47
"1037899",1,"EC",523,"TAHSIS VILLAGE NORTH,523",926,"BC",-126.65,49.93333,9,"1989-02-01","2022-03-04","Daily","Precipitation Amount|Precipitation Climatology|Rainfall Amount|Snowfall Amount|Surface Snow Depth (Point)|Temperature (Max.)|Temperature (Min.)|Temperature Climatology (Max.)|Temperature Climatology (Mean)|Temperature Climatology (Min.)",731.8,22.87
"1038205",1,"EC",524,"TOFINO A,524",927,"BC",-125.7725,49.08222,24.45,"1942-07-01","2022-03-04","Daily","Precipitation Amount|Precipitation Climatology|Rainfall Amount|Snowfall Amount|Surface Snow Depth (Point)|Temperature (Max.)|Temperature (Min.)|Temperature Climatology (Max.)|Temperature Climatology (Mean)|Temperature Climatology (Min.)",853.5,4.77
"1038332",1,"EC",527,"UCLUELET KENNEDY CAMP,527",930,"BC",-125.533333,48.95,30,"1964-06-01","2022-03-04","Daily","Precipitation Amount|Precipitation Climatology|Rainfall Amount|Snowfall Amount|Surface Snow Depth (Point)|Temperature (Max.)|Temperature (Min.)|Temperature Climatology (Max.)|Temperature Climatology (Mean)|Temperature Climatology (Min.)",860.8,4.81
"104091B",1,"EC",84,"BOWEN ISLAND SUNSET PARK,84",487,"BC",-123.4019,49.36028,130,"1992-05-12","2022-03-03","Daily","Precipitation Amount|Precipitation Climatology|Rainfall Amount|Snowfall Amount|Surface Snow Depth (Point)",349.7,10.29
"1043152",1,"EC",3023,"GIBSONS GOWER POINT,3023",3710,"BC",-123.5414,49.38583,34,"1961-10-01","2022-03-04","Daily","Precipitation Amount|Precipitation Climatology|Rainfall Amount|Snowfall Amount|Surface Snow Depth (Point)|Temperature (Max.)|Temperature (Min.)|Temperature Climatology (Max.)|Temperature Climatology (Mean)|Temperature Climatology (Min.)",407.9,2.33
"1045100",1,"EC",3026,"MERRY ISLAND LIGHTSTATION,3026",3711,"BC",-123.9125,49.4675,6.1,"1957-11-01","2022-03-03","Daily","Precipitation Amount|Precipitation Climatology|Rainfall Amount|Snowfall Amount|Surface Snow Depth (Point)|Temperature (Max.)|Temperature (Min.)|Temperature Climatology (Max.)|Temperature Climatology (Mean)|Temperature Climatology (Min.)",303.8,1.67
"1046115",1,"EC",95,"PENDER HARBOUR,95",498,"BC",-124.0322,49.63444,64,"1961-05-10","2022-03-04","Daily","Precipitation Amount|Rainfall Amount|Snowfall Amount|Surface Snow Depth (Point)",332.9,1.85
"1046391",1,"EC",546,"POWELL RIVER A,546",949,"BC",-124.5003,49.83417,129.511,"1954-01-02","2022-03-04","Daily","Precipitation Amount|Precipitation Climatology|Rainfall Amount|Snowfall Amount|Surface Snow Depth (Point)|Temperature (Max.)|Temperature (Min.)|Temperature Climatology (Max.)|Temperature Climatology (Mean)|Temperature Climatology (Min.)",340.4,1.89
"1048898",1,"EC",562,"WHISTLER,562",965,"BC",-122.9548,50.12889,657.8,"1976-11-22","2022-03-02","Daily","Precipitation Amount|Precipitation Climatology|Rainfall Amount|Snowfall Amount|Surface Snow Depth (Point)|Temperature (Max.)|Temperature (Min.)|Temperature Climatology (Max.)|Temperature Climatology (Mean)|Temperature Climatology (Min.)",405.6,2.52
"1054500",1,"EC",3040,"LANGARA,3040",3712,"BC",-133.0581,54.25528,40.7,"1936-07-23","2022-03-04","Daily","Precipitation Amount|Precipitation Climatology|Rainfall Amount|Snowfall Amount|Surface Snow Depth (Point)|Temperature (Max.)|Temperature (Min.)|Temperature Climatology (Max.)|Temperature Climatology (Mean)|Temperature Climatology (Min.)",675,3.67
"1060080",1,"EC",3048,"ADDENBROKE ISLAND,3048",3714,"BC",-127.8639,51.60353,21.3,"1978-01-01","2022-03-04","Daily","Precipitation Amount|Precipitation Climatology|Rainfall Amount|Snowfall Amount|Surface Snow Depth (Point)|Temperature (Max.)|Temperature (Min.)|Temperature Climatology (Max.)|Temperature Climatology (Mean)|Temperature Climatology (Min.)",863.8,5.14
"1060901",1,"EC",587,"BOAT BLUFF,587",990,"BC",-128.5242,52.64306,10.7,"1974-06-25","2022-02-20","Daily","Precipitation Amount|Precipitation Climatology|Rainfall Amount|Snowfall Amount|Surface Snow Depth (Point)|Temperature (Max.)|Temperature (Min.)|Temperature Climatology (Max.)|Temperature Climatology (Mean)|Temperature Climatology (Min.)",1494.5,8.17
"1060902",1,"EC",3049,"BONILLA ISLAND,3049",3715,"BC",-130.6378,53.49278,16.2,"1960-04-07","2022-03-04","Daily","Precipitation Amount|Precipitation Climatology|Rainfall Amount|Snowfall Amount|Surface Snow Depth (Point)|Temperature (Max.)|Temperature (Min.)|Temperature Climatology (Max.)|Temperature Climatology (Mean)|Temperature Climatology (Min.)",832.8,4.55
"1062544",1,"EC",3054,"DRYAD POINT,3054",3716,"BC",-128.1122,52.185,3.5,"1977-11-25","2022-03-04","Daily","Precipitation Amount|Precipitation Climatology|Rainfall Amount|Snowfall Amount|Surface Snow Depth (Point)|Temperature (Max.)|Temperature (Min.)|Temperature Climatology (Max.)|Temperature Climatology (Mean)|Temperature Climatology (Min.)",920.1,5.03
"1062646",1,"EC",3056,"EGG ISLAND,3056",3717,"BC",-127.8354,51.24722,14,"1965-12-01","2022-03-04","Daily","Precipitation Amount|Precipitation Climatology|Rainfall Amount|Snowfall Amount|Surface Snow Depth (Point)|Temperature (Max.)|Temperature (Min.)|Temperature Climatology (Max.)|Temperature Climatology (Mean)|Temperature Climatology (Min.)",468.8,3.97
"1063298",1,"EC",3058,"GREEN ISLAND,3058",3739,"BC",-130.7083,54.56861,11.9,"1978-10-01","2022-03-04","Daily","Precipitation Amount|Precipitation Climatology|Rainfall Amount|Snowfall Amount|Surface Snow Depth (Point)|Temperature (Max.)|Temperature (Min.)|Temperature Climatology (Max.)|Temperature Climatology (Mean)|Temperature Climatology (Min.)",1011.4,5.5
"1063690",1,"EC",3063,"IVORY ISLAND,3063",3718,"BC",-128.4067,52.26973,9.8,"1948-08-24","2022-03-04","Daily","Precipitation Amount|Precipitation Climatology|Rainfall Amount|Snowfall Amount|Surface Snow Depth (Point)|Temperature (Max.)|Temperature (Min.)|Temperature Climatology (Max.)|Temperature Climatology (Mean)|Temperature Climatology (Min.)",797.8,4.34
"1064020",1,"EC",593,"KEMANO,593",996,"BC",-127.9431,53.56333,87,"1951-08-26","2022-03-05","Daily","Precipitation Amount|Precipitation Climatology|Rainfall Amount|Snowfall Amount|Surface Snow Depth (Point)|Temperature (Max.)|Temperature (Min.)|Temperature Climatology (Max.)|Temperature Climatology (Mean)|Temperature Climatology (Min.)",544.9,3.78
"1064320",1,"EC",599,"KITIMAT TOWNSITE,599",1002,"BC",-128.6342,54.05361,128,"1954-01-22","2022-02-20","Daily","Precipitation Amount|Precipitation Climatology|Rainfall Amount|Snowfall Amount|Surface Snow Depth (Point)|Temperature (Max.)|Temperature (Min.)|Temperature Climatology (Max.)|Temperature Climatology (Mean)|Temperature Climatology (Min.)",295.7,2.79
"1064321",1,"EC",600,"KITIMAT 2,600",1003,"BC",-128.705,54.00972,16.8,"1966-02-01","2022-02-28","Daily","Precipitation Amount|Precipitation Climatology|Rainfall Amount|Snowfall Amount|Surface Snow Depth (Point)|Temperature (Max.)|Temperature (Min.)|Temperature Climatology (Max.)|Temperature Climatology (Mean)|Temperature Climatology (Min.)",466.4,3.33
"1065010",1,"EC",3066,"MCINNES ISLAND,3066",3725,"BC",-128.7194,52.26167,25.9,"1954-02-15","2022-03-03","Daily","Precipitation Amount|Precipitation Climatology|Rainfall Amount|Snowfall Amount|Surface Snow Depth (Point)|Temperature (Max.)|Temperature (Min.)|Temperature Climatology (Max.)|Temperature Climatology (Mean)|Temperature Climatology (Min.)",753.8,4.12
"1066488",1,"EC",615,"PRINCE RUPERT MONT CIRC,615",1018,"BC",-130.29,54.32028,60,"1959-08-01","2022-01-19","Daily","Precipitation Amount|Precipitation Climatology|Rainfall Amount|Snowfall Amount|Surface Snow Depth (Point)|Temperature (Max.)|Temperature (Min.)",315.7,5.09
"1068131",1,"EC",625,"TERRACE PCC,625",1028,"BC",-128.6247,54.50194,58.2,"1968-04-09","2022-03-03","Daily","Precipitation Amount|Precipitation Climatology|Rainfall Amount|Snowfall Amount|Surface Snow Depth (Point)|Temperature (Max.)|Temperature (Min.)|Temperature Climatology (Max.)|Temperature Climatology (Mean)|Temperature Climatology (Min.)",366.4,2.09
"1068250",1,"EC",3073,"TRIPLE ISLAND,3073",3719,"BC",-130.8803,54.29472,20.7,"1989-06-01","2022-03-04","Daily","Precipitation Amount|Precipitation Climatology|Rainfall Amount|Snowfall Amount|Surface Snow Depth (Point)|Temperature (Max.)|Temperature (Min.)|Temperature Climatology (Max.)|Temperature Climatology (Mean)|Temperature Climatology (Min.)",488.8,2.76
"106D289",1,"EC",634,"KITIMAT HATCHERY,634",1037,"BC",-128.683333,54.05,13,"1995-05-01","2022-02-25","Daily","Precipitation Amount|Precipitation Climatology|Rainfall Amount|Snowfall Amount|Surface Snow Depth (Point)|Temperature (Max.)|Temperature (Min.)|Temperature Climatology (Max.)|Temperature Climatology (Mean)|Temperature Climatology (Min.)",87.6,7.96
"1072692",1,"EC",645,"EQUITY SILVER,645",1048,"BC",-126.2766,54.19861,1280,"1981-08-01","2021-01-30","Daily","Precipitation Amount|Precipitation Climatology|Rainfall Amount|Snowfall Amount|Surface Snow Depth (Point)|Temperature (Max.)|Temperature (Min.)|Temperature Climatology (Max.)|Temperature Climatology (Mean)|Temperature Climatology (Min.)",327.7,2.01
"1073615",1,"EC",652,"HOUSTON,652",1055,"BC",-126.6678,54.39639,610,"1957-07-01","2022-03-03","Daily","Precipitation Amount|Precipitation Climatology|Rainfall Amount|Snowfall Amount|Surface Snow Depth (Point)|Temperature (Max.)|Temperature (Min.)|Temperature Climatology (Max.)|Temperature Climatology (Mean)|Temperature Climatology (Min.)",247.8,1.65
"107G879",1,"EC",678,"SUSKWA VALLEY,678",1081,"BC",-127.1706,55.28861,534,"1982-10-15","2022-03-04","Daily","Precipitation Amount|Precipitation Climatology|Rainfall Amount|Snowfall Amount|Surface Snow Depth (Point)|Temperature (Max.)|Temperature (Min.)|Temperature Climatology (Max.)|Temperature Climatology (Mean)|Temperature Climatology (Min.)",393.8,2.19
"1095018",1,"EC",780,"MCLEESE LAKE GRANITE MT,780",1183,"BC",-122.2867,52.53028,1123.2,"1972-03-01","2022-03-04","Daily","Precipitation Amount|Precipitation Climatology|Rainfall Amount|Snowfall Amount|Surface Snow Depth (Point)|Temperature (Max.)|Temperature (Min.)|Temperature Climatology (Max.)|Temperature Climatology (Mean)|Temperature Climatology (Min.)",417.2,4.21
"1096468",1,"EC",798,"PRINCE GEORGE STP,798",1201,"BC",-122.7675,53.88,579,"1975-11-14","2022-03-02","Daily","Precipitation Amount|Precipitation Climatology|Rainfall Amount|Snowfall Amount|Surface Snow Depth (Point)|Temperature (Max.)|Temperature (Min.)|Temperature Climatology (Max.)|Temperature Climatology (Mean)|Temperature Climatology (Min.)",327.9,1.84
"1097646",1,"EC",810,"SPOKIN LAKE 4E,810",1213,"BC",-121.6864,52.18389,1040,"1983-06-01","2022-03-03","Daily","Precipitation Amount|Precipitation Climatology|Rainfall Amount|Snowfall Amount|Surface Snow Depth (Point)|Temperature (Max.)|Temperature (Min.)|Temperature Climatology (Max.)|Temperature Climatology (Mean)|Temperature Climatology (Min.)",443,2.45
"1098D90",1,"EC",826,"VANDERHOOF,826",1229,"BC",-124.0167,54.03333,638,"1980-08-01","2021-10-30","Daily","Precipitation Amount|Precipitation Climatology|Rainfall Amount|Snowfall Amount|Surface Snow Depth (Point)|Temperature (Max.)|Temperature (Min.)|Temperature Climatology (Max.)|Temperature Climatology (Mean)|Temperature Climatology (Min.)",292.1,1.59
"109E7R6",1,"EC",833,"108 MILE HOUSE ABEL LAKE,833",1236,"BC",-121.4042,51.70483,993.9,"1987-07-01","2020-11-19","Daily","Precipitation Amount|Precipitation Climatology|Rainfall Amount|Snowfall Amount|Surface Snow Depth (Point)|Temperature (Max.)|Temperature (Min.)|Temperature Climatology (Max.)|Temperature Climatology (Mean)|Temperature Climatology (Min.)",273.8,1.52
"1100120",1,"EC",841,"AGASSIZ CDA,841",1244,"BC",-121.7597,49.2425,15,"1889-10-01","2022-02-28","Daily","Precipitation Amount|Precipitation Climatology|Rainfall Amount|Snowfall Amount|Surface Snow Depth (Point)|Temperature (Max.)|Temperature (Min.)|Temperature Climatology (Max.)|Temperature Climatology (Mean)|Temperature Climatology (Min.)",605.3,3.46
"1101158",1,"EC",855,"BURNABY SIMON FRASER U,855",1258,"BC",-122.918,49.27839,365.8,"1965-02-01","2022-02-27","Daily","Precipitation Amount|Precipitation Climatology|Rainfall Amount|Snowfall Amount|Surface Snow Depth (Point)|Temperature (Max.)|Temperature (Min.)|Temperature Climatology (Max.)|Temperature Climatology (Mean)|Temperature Climatology (Min.)",86.4,1.88
"1101708",1,"EC",865,"CLOVERDALE EAST,865",1268,"BC",-122.7167,49.1,50,"1964-01-01","2021-11-28","Daily","Precipitation Amount|Precipitation Climatology|Rainfall Amount|Snowfall Amount|Surface Snow Depth (Point)|Temperature (Max.)|Temperature (Min.)|Temperature Climatology (Max.)|Temperature Climatology (Mean)|Temperature Climatology (Min.)",391.6,2.45
"1102425",1,"EC",3080,"DELTA TSAWWASSEN BEACH,3080",3720,"BC",-123.0933333,49.01111111,2,"1971-03-25","2022-03-04","Daily","Precipitation Amount|Precipitation Climatology|Rainfall Amount|Snowfall Amount|Surface Snow Depth (Point)|Temperature (Max.)|Temperature (Min.)|Temperature Climatology (Max.)|Temperature Climatology (Mean)|Temperature Climatology (Min.)",337.2,1.88
"1103332",1,"EC",885,"HANEY UBC RF ADMIN,885",1288,"BC",-122.5728,49.265,147,"1961-10-01","2021-10-29","Daily","Precipitation Amount|Precipitation Climatology|Rainfall Amount|Snowfall Amount|Surface Snow Depth (Point)|Temperature (Max.)|Temperature (Min.)|Temperature Climatology (Max.)|Temperature Climatology (Mean)|Temperature Climatology (Min.)",542.9,3.48
"1105192",1,"EC",904,"MISSION WEST ABBEY,904",1307,"BC",-122.2708,49.1525,221,"1962-10-01","2022-02-27","Daily","Precipitation Amount|Precipitation Climatology|Rainfall Amount|Snowfall Amount|Surface Snow Depth (Point)|Temperature (Max.)|Temperature (Min.)|Temperature Climatology (Max.)|Temperature Climatology (Mean)|Temperature Climatology (Min.)",601.2,3.27
"1105658",1,"EC",908,"N VANC GROUSE MTN RESORT,908",1311,"BC",-123.0806,49.36806,1127.8,"1971-10-01","2022-03-02","Daily","Precipitation Amount|Precipitation Climatology|Rainfall Amount|Snowfall Amount|Surface Snow Depth (Point)|Temperature (Max.)|Temperature (Min.)|Temperature Climatology (Max.)|Temperature Climatology (Mean)|Temperature Climatology (Min.)",1037.9,6.14
"1105669",1,"EC",329,"N VANCOUVER WHARVES,329",732,"BC",-123.1194,49.31389,6.1,"1962-03-01","2022-03-04","Daily","Precipitation Amount|Precipitation Climatology|Rainfall Amount|Snowfall Amount|Surface Snow Depth (Point)",505,3.32
"1106764",1,"EC",918,"RICHMOND DALLYN 2,918",1321,"BC",-123.0872,49.17917,1.8,"1963-11-01","2022-03-04","Daily","Precipitation Amount|Precipitation Climatology|Rainfall Amount|Snowfall Amount|Surface Snow Depth (Point)|Temperature (Max.)|Temperature (Min.)",365.4,2.4
"1106CL2",1,"EC",922,"PORT MOODY GLENAYRE,922",1325,"BC",-122.8814,49.27917,129.5,"1970-11-01","2022-03-04","Daily","Precipitation Amount|Precipitation Climatology|Rainfall Amount|Snowfall Amount|Surface Snow Depth (Point)|Temperature (Max.)|Temperature (Min.)|Temperature Climatology (Max.)|Temperature Climatology (Mean)|Temperature Climatology (Min.)",626.3,3.46
"1106PF7",1,"EC",924,"RICHMOND NATURE PARK,924",1327,"BC",-123.0931,49.17083,3,"1977-03-25","2022-03-04","Daily","Precipitation Amount|Precipitation Climatology|Rainfall Amount|Snowfall Amount|Surface Snow Depth (Point)|Temperature (Max.)|Temperature (Min.)|Temperature Climatology (Max.)|Temperature Climatology (Mean)|Temperature Climatology (Min.)",367.1,2.03
"1107785",1,"EC",929,"SUMAS CANAL,929",1332,"BC",-122.1097,49.11334,9,"1957-02-01","2022-02-28","Daily","Precipitation Amount|Precipitation Climatology|Rainfall Amount|Snowfall Amount|Surface Snow Depth (Point)|Temperature (Max.)|Temperature (Min.)|Temperature Climatology (Max.)|Temperature Climatology (Mean)|Temperature Climatology (Min.)",401.8,4.51
"1108906",1,"EC",952,"WHISTLER ROUNDHOUSE,952",1355,"BC",-122.95,50.066667,1835,"1972-11-22","2022-03-04","Daily","Precipitation Amount|Precipitation Climatology|Rainfall Amount|Snowfall Amount|Surface Snow Depth (Point)|Temperature (Max.)|Temperature (Min.)|Temperature Climatology (Max.)|Temperature Climatology (Mean)|Temperature Climatology (Min.)",335.2,2.45
"1113581",1,"EC",986,"HOPE SLIDE,986",1389,"BC",-121.2364,49.275,687.8,"1975-05-20","2022-03-05","Daily","Precipitation Amount|Precipitation Climatology|Rainfall Amount|Snowfall Amount|Surface Snow Depth (Point)|Temperature (Max.)|Temperature (Min.)|Temperature Climatology (Max.)|Temperature Climatology (Mean)|Temperature Climatology (Min.)",404.1,2.79
"1123721",1,"EC",1028,"JELLICOE,1028",1431,"BC",-120.333333,49.666667,929,"1995-08-01","2022-03-04","Daily","Precipitation Amount|Precipitation Climatology|Rainfall Amount|Snowfall Amount|Surface Snow Depth (Point)|Temperature (Max.)|Temperature (Min.)|Temperature Climatology (Max.)|Temperature Climatology (Mean)|Temperature Climatology (Min.)",231.5,1.36
"1125079",1,"EC",1053,"MERRITT STP,1053",1456,"BC",-120.8008,50.11417,609,"1968-08-01","2021-01-14","Daily","Precipitation Amount|Precipitation Climatology|Rainfall Amount|Snowfall Amount|Surface Snow Depth (Point)|Temperature (Max.)|Temperature (Min.)|Temperature Climatology (Max.)|Temperature Climatology (Mean)|Temperature Climatology (Min.)",215.7,1.25
"1125700",1,"EC",1062,"OKANAGAN CENTRE,1062",1465,"BC",-119.4139,50.04,501,"1925-03-01","2022-03-04","Daily","Precipitation Amount|Precipitation Climatology|Rainfall Amount|Snowfall Amount|Surface Snow Depth (Point)|Temperature (Max.)|Temperature (Min.)|Temperature Climatology (Max.)|Temperature Climatology (Mean)|Temperature Climatology (Min.)",4.4,0.31
"1125766",1,"EC",1066,"OLIVER STP,1066",1469,"BC",-119.5447,49.17917,297.2,"1924-01-01","2022-02-04","Daily","Precipitation Amount|Precipitation Climatology|Rainfall Amount|Snowfall Amount|Surface Snow Depth (Point)|Temperature (Max.)|Temperature (Min.)|Temperature Climatology (Max.)|Temperature Climatology (Mean)|Temperature Climatology (Min.)",83.6,0.7
"1126070",1,"EC",1074,"PEACHLAND,1074",1477,"BC",-119.716667,49.783333,345,"1971-03-01","2022-02-16","Daily","Precipitation Amount|Precipitation Climatology|Rainfall Amount|Snowfall Amount|Surface Snow Depth (Point)|Temperature (Max.)|Temperature (Min.)|Temperature Climatology (Max.)|Temperature Climatology (Mean)|Temperature Climatology (Min.)",179.8,0.98
"1126510",1,"EC",1082,"PRINCETON A,1082",1485,"BC",-120.5119,49.4675,700.4,"1936-11-11","2022-03-04","Daily","Precipitation Amount|Precipitation Climatology|Rainfall Amount|Snowfall Amount|Surface Snow Depth (Point)|Temperature (Max.)|Temperature (Min.)|Temperature Climatology (Max.)|Temperature Climatology (Mean)|Temperature Climatology (Min.)",163,0.9
"1128584",1,"EC",1096,"VERNON SILVER STAR LODGE,1096",1499,"BC",-119.0557,50.35783,1572,"1970-07-01","2022-03-04","Daily","Precipitation Amount|Precipitation Climatology|Rainfall Amount|Snowfall Amount|Surface Snow Depth (Point)|Temperature (Max.)|Temperature (Min.)|Temperature Climatology (Max.)|Temperature Climatology (Mean)|Temperature Climatology (Min.)",251.7,2.8
"1140876",1,"EC",1124,"BILLINGS,1124",1527,"BC",-118.2283,49.01683,510,"1984-11-01","2022-03-04","Daily","Precipitation Amount|Precipitation Climatology|Rainfall Amount|Snowfall Amount|Surface Snow Depth (Point)|Temperature (Max.)|Temperature (Min.)|Temperature Climatology (Max.)|Temperature Climatology (Mean)|Temperature Climatology (Min.)",241,1.48
"1141455",1,"EC",1127,"CASTLEGAR A,1127",1530,"BC",-117.6325,49.29639,495,"1965-12-02","2022-03-04","Daily","Precipitation Amount|Precipitation Climatology|Rainfall Amount|Snowfall Amount|Surface Snow Depth (Point)|Temperature (Max.)|Temperature (Min.)|Temperature Climatology (Max.)|Temperature Climatology (Mean)|Temperature Climatology (Min.)",220.3,1.2
"1141457",1,"EC",1128,"CASTLEGAR BCHPA DAM,1128",1531,"BC",-117.7744,49.34333,435,"1969-06-01","2022-03-05","Daily","Precipitation Amount|Precipitation Climatology|Rainfall Amount|Snowfall Amount|Surface Snow Depth (Point)|Temperature (Max.)|Temperature (Min.)|Temperature Climatology (Max.)|Temperature Climatology (Mean)|Temperature Climatology (Min.)",160.6,1.67
"1142574",1,"EC",1137,"DUNCAN LAKE DAM,1137",1540,"BC",-116.9714,50.23861,548.6,"1963-03-01","2022-03-05","Daily","Precipitation Amount|Precipitation Climatology|Rainfall Amount|Snowfall Amount|Surface Snow Depth (Point)|Temperature (Max.)|Temperature (Min.)|Temperature Climatology (Max.)|Temperature Climatology (Mean)|Temperature Climatology (Min.)",347.2,2.33
"1145442",1,"EC",1154,"NELSON NE,1154",1557,"BC",-117.2064,49.58611,570,"1983-01-01","2022-02-27","Daily","Precipitation Amount|Precipitation Climatology|Rainfall Amount|Snowfall Amount|Surface Snow Depth (Point)|Temperature (Max.)|Temperature (Min.)|Temperature Climatology (Max.)|Temperature Climatology (Mean)|Temperature Climatology (Min.)",310.3,1.75
"1145460",1,"EC",1158,"NEW DENVER,1158",1561,"BC",-117.3719,49.99028,570,"1924-01-01","2022-03-01","Daily","Precipitation Amount|Precipitation Climatology|Rainfall Amount|Snowfall Amount|Surface Snow Depth (Point)|Temperature (Max.)|Temperature (Min.)|Temperature Climatology (Max.)|Temperature Climatology (Mean)|Temperature Climatology (Min.)",295,1.6
"114EMDM",1,"EC",1177,"NELSON RIXEN CREEK,1177",1580,"BC",-117.3989,49.51222,760,"1990-07-01","2022-03-04","Daily","Precipitation Amount|Precipitation Climatology|Rainfall Amount|Snowfall Amount|Surface Snow Depth (Point)|Temperature (Max.)|Temperature (Min.)|Temperature Climatology (Max.)|Temperature Climatology (Mean)|Temperature Climatology (Min.)",396.2,2.15
"1152850",1,"EC",1192,"FERNIE,1192",1595,"BC",-115.0722,49.48889,1001,"1913-12-01","2022-03-03","Daily","Precipitation Amount|Precipitation Climatology|Rainfall Amount|Snowfall Amount|Surface Snow Depth (Point)|Temperature (Max.)|Temperature (Min.)|Temperature Climatology (Max.)|Temperature Climatology (Mean)|Temperature Climatology (Min.)",460.2,2.71
"1153034",1,"EC",1198,"FT STEELE DANDY CRK,1198",1601,"BC",-115.4606,49.52392,856,"1968-03-01","2022-03-05","Daily","Precipitation Amount|Precipitation Climatology|Rainfall Amount|Snowfall Amount|Surface Snow Depth (Point)|Temperature (Max.)|Temperature (Min.)|Temperature Climatology (Max.)|Temperature Climatology (Mean)|Temperature Climatology (Min.)",243.4,2.23
"1154203",1,"EC",1206,"KIMBERLEY PCC,1206",1609,"BC",-115.966667,49.633333,889,"1975-06-01","2022-03-02","Daily","Precipitation Amount|Precipitation Climatology|Rainfall Amount|Snowfall Amount|Surface Snow Depth (Point)|Temperature (Max.)|Temperature (Min.)|Temperature Climatology (Max.)|Temperature Climatology (Mean)|Temperature Climatology (Min.)",194.1,1.59
"1154410",1,"EC",1211,"KOOTENAY NP WEST GATE,1211",1614,"BC",-116.0614,50.63083,899.2,"1968-11-01","2022-03-02","Daily","Precipitation Amount|Precipitation Climatology|Rainfall Amount|Snowfall Amount|Surface Snow Depth (Point)|Temperature (Max.)|Temperature (Min.)|Temperature Climatology (Max.)|Temperature Climatology (Mean)|Temperature Climatology (Min.)",290.1,1.88
"1157630",1,"EC",1219,"SPARWOOD,1219",1622,"BC",-114.8828,49.74528,1137.7,"1980-03-01","2020-02-22","Daily","Precipitation Amount|Precipitation Climatology|Rainfall Amount|Snowfall Amount|Surface Snow Depth (Point)|Temperature (Max.)|Temperature (Min.)|Temperature Climatology (Max.)|Temperature Climatology (Mean)|Temperature Climatology (Min.)",338.4,1.86
"1160899",1,"EC",1239,"BLUE RIVER A,1239",1642,"BC",-119.2895,52.12903,682.8,"1969-12-01","2022-03-04","Daily","Precipitation Amount|Precipitation Climatology|Rainfall Amount|Snowfall Amount|Surface Snow Depth (Point)|Temperature (Max.)|Temperature (Min.)|Temperature Climatology (Max.)|Temperature Climatology (Mean)|Temperature Climatology (Min.)",495.8,2.71
"1162177",1,"EC",1257,"CRISS CREEK,1257",1660,"BC",-120.7283,51.02972,1122,"1988-10-01","2020-02-12","Daily","Precipitation Amount|Precipitation Climatology|Rainfall Amount|Snowfall Amount|Surface Snow Depth (Point)|Temperature (Max.)|Temperature (Min.)|Temperature Climatology (Max.)|Temperature Climatology (Mean)|Temperature Climatology (Min.)",259.2,1.56
"1165793",1,"EC",1296,"100 MILE HOUSE 6NE,1296",1699,"BC",-121.2169,51.68139,928,"1987-06-01","2022-02-27","Daily","Precipitation Amount|Precipitation Climatology|Rainfall Amount|Snowfall Amount|Surface Snow Depth (Point)|Temperature (Max.)|Temperature (Min.)|Temperature Climatology (Max.)|Temperature Climatology (Mean)|Temperature Climatology (Min.)",323,1.76
"1166658",1,"EC",1298,"RED LAKE,1298",1701,"BC",-120.8,50.935,1162,"1974-05-29","2021-06-04","Daily","Precipitation Amount|Precipitation Climatology|Rainfall Amount|Snowfall Amount|Surface Snow Depth (Point)|Temperature (Max.)|Temperature (Min.)|Temperature Climatology (Max.)|Temperature Climatology (Mean)|Temperature Climatology (Min.)",368,2.01
"1167337",1,"EC",1314,"SILVER CREEK,1314",1717,"BC",-119.35,50.54533,419,"1989-06-01","2021-10-30","Daily","Precipitation Amount|Precipitation Climatology|Rainfall Amount|Snowfall Amount|Surface Snow Depth (Point)|Temperature (Max.)|Temperature (Min.)|Temperature Climatology (Max.)|Temperature Climatology (Mean)|Temperature Climatology (Min.)",273.5,1.49
"1168520",1,"EC",1325,"VAVENBY,1325",1728,"BC",-119.7781,51.57611,445,"1913-04-01","2022-02-20","Daily","Precipitation Amount|Precipitation Climatology|Rainfall Amount|Snowfall Amount|Surface Snow Depth (Point)|Temperature (Max.)|Temperature (Min.)|Temperature Climatology (Max.)|Temperature Climatology (Mean)|Temperature Climatology (Min.)",219.6,1.49
"116C8P0",1,"EC",1331,"KAMLOOPS PRATT ROAD,1331",1734,"BC",-120.2,50.6,640,"1986-06-12","2022-03-03","Daily","Precipitation Amount|Precipitation Climatology|Rainfall Amount|Snowfall Amount|Surface Snow Depth (Point)|Temperature (Max.)|Temperature (Min.)|Temperature Climatology (Max.)|Temperature Climatology (Mean)|Temperature Climatology (Min.)",205,1.35
"1173210",1,"EC",1355,"GOLDEN A,1355",1758,"BC",-116.9817,51.29833,784.9,"1902-04-01","2022-03-02","Daily","Precipitation Amount|Precipitation Climatology|Rainfall Amount|Snowfall Amount|Surface Snow Depth (Point)|Temperature (Max.)|Temperature (Min.)|Temperature Climatology (Max.)|Temperature Climatology (Mean)|Temperature Climatology (Min.)",307.6,1.69
"1175122",1,"EC",1359,"MICA DAM,1359",1762,"BC",-118.5853,52.05306,579.1,"1951-06-14","2022-02-26","Daily","Precipitation Amount|Precipitation Climatology|Rainfall Amount|Snowfall Amount|Surface Snow Depth (Point)|Temperature (Max.)|Temperature (Min.)|Temperature Climatology (Max.)|Temperature Climatology (Mean)|Temperature Climatology (Min.)",394.7,2.84
"117R00H",1,"EC",1382,"YOHO NP OHARA LAKE,1382",1785,"BC",-116.3367,51.35639,2055,"1987-12-21","2021-08-25","Daily","Precipitation Amount|Precipitation Climatology|Rainfall Amount|Snowfall Amount|Surface Snow Depth (Point)|Temperature (Max.)|Temperature (Min.)|Temperature Climatology (Max.)|Temperature Climatology (Mean)|Temperature Climatology (Min.)",470.8,4.44
"1181508",1,"EC",1394,"CHETWYND A,1394",1797,"BC",-121.6267,55.68722,609.6,"1982-10-01","2022-03-04","Daily","Precipitation Amount|Precipitation Climatology|Rainfall Amount|Snowfall Amount|Surface Snow Depth (Point)|Temperature (Max.)|Temperature (Min.)|Temperature Climatology (Max.)|Temperature Climatology (Mean)|Temperature Climatology (Min.)",408.4,2.23
"1200560",1,"EC",1469,"ATLIN,1469",1872,"BC",-133.7,59.56667,673.6,"1899-03-01","2021-06-29","Daily","Precipitation Amount|Precipitation Climatology|Rainfall Amount|Snowfall Amount|Surface Snow Depth (Point)|Temperature (Max.)|Temperature (Min.)|Temperature Climatology (Max.)|Temperature Climatology (Mean)|Temperature Climatology (Min.)",215,1.17
"1206197",1,"EC",1491,"PLEASANT CAMP,1491",1894,"BC",-136.3667,59.45,274.3,"1974-05-18","2022-03-05","Daily","Precipitation Amount|Precipitation Climatology|Rainfall Amount|Snowfall Amount|Surface Snow Depth (Point)|Temperature (Max.)|Temperature (Min.)|Temperature Climatology (Max.)|Temperature Climatology (Mean)|Temperature Climatology (Min.)",380.7,2.1
